{
  "project_info": {
    "project_number": "13541533636",
    "firebase_url": "https://prosilent-aa4b4.firebaseio.com",
    "project_id": "prosilent-aa4b4",
    "storage_bucket": "prosilent-aa4b4.appspot.com"
  },
  "client": [
    {
      "client_info": {
        "mobilesdk_app_id": "1:13541533636:android:f07bae8ab658bc0e802691",
        "android_client_info": {
          "package_name": "com.silent.mutezone"
        }
      },
      "oauth_client": [
        {
          "client_id": "13541533636-dvaf44gi03r7ita6g85k676kuuo0o588.apps.googleusercontent.com",
          "client_type": 3
        }
      ],
      "api_key": [
        {
          "current_key": "AIzaSyDm59l2Kbhlyn03k6OGSVeuFDT8dtV4CaU"
        }
      ],
      "services": {
        "appinvite_service": {
          "other_platform_oauth_client": [
            {
              "client_id": "13541533636-dvaf44gi03r7ita6g85k676kuuo0o588.apps.googleusercontent.com",
              "client_type": 3
            }
          ]
        }
      }
    }
  ],
  "configuration_version": "1"
}